id,nome,regione,provincia,comune,indirizzo,lat,lon,telefono,orari,sito,accetta_ricci,accetta_stalli,note,fonte,verificato_il
cras-provincia-treviso-treviso,Centro Recupero Fauna Selvatica Provincia di Treviso (Parco dello Storga),Veneto,TV,Treviso,Via Cal di Breda 13,45.6669,12.2430,+393204320671,7 giorni su 7 24 ore su 24,,si,?,"Il riccio e la specie piu frequente (517 esemplari nel 2023). Civico discordante tra fonti (13 / 132). coordinate: centroide comune",https://www.giornalenordest.it/centro-recupero-fauna-selvatica-provincia-di-treviso-2-184-interventi-nel-2023-il-riccio-la-specie-piu-frequente/,
wwf-cras-polesella-polesella,WWF Centro Recupero Fauna Selvatica Polesella (Clinica veterinaria del Benvenuto),Veneto,RO,Polesella,Strada Statale 16 n. 2287,44.9533,11.7450,+393394682583;+390425947670,,,si,?,"339 4682583 canale privilegiato con foto via WhatsApp; 0425 947670 clinica per emergenze. Stessi numeri di SOS Fauna LIPU Venezia (segnalazioni 24h). Opera anche per PD e VE. coordinate: centroide comune",https://elencocras.it/veneto/rovigo/centro-recupero-fauna-selvatica-polesella/,
progetto-natura-verona-lago-lazise,Progetto Natura Verona Lago ODV,Veneto,VR,Lazise,Localita Saline,45.5051,10.7316,+390452457338,Lun-Sab 10-12 e 16-18:30,,si,?,"Accoglie fauna selvatica omeoterma; non prende piccioni gazze cornacchie. Polizia Provinciale VR 045 9288406 per casi pericolosi. coordinate: centroide comune",https://elencocras.it/veneto/verona/progetto-natura-verona-lago/,
difesa-natura-2000-colli-berici-arcugnano,Associazione Difesa Natura 2000 Colli Berici,Veneto,VI,Arcugnano,Via Chiesa Vecchia 13/E,45.4767,11.5333,+393518297966,,,?,?,"Telefono o WhatsApp. Copre Vicenza e provincia. coordinate: centroide comune",https://elencocras.it/veneto/vicenza/ass-difesa-natura-2000-colli-berici/,
covo-dei-catorci-vicenza,Il Covo dei Catorci,Veneto,VI,Vicenza,,45.5455,11.5354,+393381741939,,,?,?,"Gruppo di volontari non finanziato pubblicamente; prende animali che i CRAS di solito rifiutano. coordinate: centroide comune",https://elencocras.it/veneto/vicenza/covo-dei-catorci/,
alveare-recupero-animali-selvatici-vicenza,Alveare Gruppo Recupero Animali Selvatici Vicenza,Veneto,VI,Vicenza,,45.5455,11.5354,+393534596644,,,?,?,"Gruppo di volontari. coordinate: centroide comune",https://elencocras.it/veneto/vicenza/alveare-gruppo-recupero-animali-selvatici-vicenza/,
cras-provincia-trento-trento,CRAS Centro Recupero Animali Selvatici Provincia Autonoma di Trento,Trentino-Alto Adige,TN,Trento,Via al Bosco della Citta 103,46.0679,11.1211,+393356306801;+393356305749,Tutti i giorni 9-12 e 13-16 previo accordo telefonico,,si,?,"Comunicato provinciale cita esplicitamente i ricci tra i piccoli mammiferi accolti. Incidenti stradali via 112. coordinate: centroide comune",https://elencocras.it/trentino-alto-adige/trento/centro-recupero-animali-selvatici/,
borgo-dei-bui-fontanafredda,Azienda Borgo dei Bui (recupero fauna selvatica provincia di Pordenone),Friuli-Venezia Giulia,PN,Fontanafredda,Via G. Galilei 33,45.9667,12.5333,+393355636378,Interventi 8-20; notte e festivi solo urgenze di Forze dell'Ordine VVF Corpo Forestale,,si,?,"Numero indicato dalla Regione FVG per la provincia di Pordenone. Comune/indirizzo da elencocras.it. coordinate: centroide comune",https://www.regione.fvg.it/rafvg/cms/RAFVG/economia-imprese/agricoltura-foreste/foreste/FOGLIA100/,
arca-trieste,ARCA srl Assistenza Recupero Cura Animali,Friuli-Venezia Giulia,TS,Trieste,,45.6495,13.7768,+393452556155,24 ore,,si,?,"Numero Regione FVG per Trieste (e fascia 16-20 per Gorizia). Sede esatta non verificata. coordinate: centroide comune",https://www.regione.fvg.it/rafvg/cms/RAFVG/economia-imprese/agricoltura-foreste/foreste/FOGLIA100/,
dordolo-udine,Ditta Dordolo (recupero fauna selvatica provincia di Udine),Friuli-Venezia Giulia,UD,Udine,,46.0711,13.2346,+39800961969,Interventi 8-20; notte e festivi solo urgenze,,si,?,"Numero verde indicato dalla Regione FVG per la provincia di Udine; sede non nota. coordinate: centroide comune",https://www.regione.fvg.it/rafvg/cms/RAFVG/economia-imprese/agricoltura-foreste/foreste/FOGLIA100/,
enpa-trieste,ENPA Trieste,Friuli-Venezia Giulia,TS,Trieste,Via Marchesetti 10/4,45.6495,13.7768,+39040910600;+393391996881;+393331775353;+3904037981,,,?,?,"Fonte datata 2020 (elenco CRAS di vittimedellacaccia.org): numeri da riconfermare. coordinate: centroide comune",http://www.vittimedellacaccia.org/2020/cras/,
cras-odv-bernezzo,CRAS ODV Bernezzo (Centro Recupero Animali Selvatici),Piemonte,CN,Bernezzo,"Via Alpi 25, 12010 Bernezzo",44.3917,7.4167,+39017182305;+393285325296,h24 (da sito del centro),https://www.centrorecuperoselvatici.it/,si,?,"Reperibilità solo per animali trovati in provincia di Cuneo; coordinate: centroide comune",https://www.regione.piemonte.it/web/temi/agricoltura/tutela-della-fauna-caccia-pesca/cras-centri-recupero-animali-selvatici,
centro-cicogne-anatidi-racconigi,Centro Cicogne e Anatidi (CRAS Racconigi),Piemonte,CN,Racconigi,"Via Stramiano 30, 12035 Racconigi",44.7683,7.6786,+39017283457,,https://cicogneracconigi.it/,no,?,"Accetta solo avifauna (solo uccelli) secondo elencocras.it; coordinate: centroide comune",https://elencocras.it/piemonte/cuneo/centro-recupero-animali-selvatici-di-racconigi/,
lipu-cras-tigliole-asti,LIPU CRAS Tigliole d'Asti,Piemonte,AT,Tigliole,"Località Case Doglioni, 14016 Tigliole d'Asti",44.8800,8.0600,+393389320815;+393472425611,,,si,?,"Riferimento dal 1997 per fauna selvatica di Asti e provincia (anche Alessandria); indirizzo su elencocras.it: Strada Stazione San Damiano 48/bis; coordinate: centroide comune",https://www.regione.piemonte.it/web/temi/agricoltura/tutela-della-fauna-caccia-pesca/cras-centri-recupero-animali-selvatici,
canc-grugliasco,C.A.N.C. Centro Animali Non Convenzionali (Ospedale Veterinario Universitario),Piemonte,TO,Grugliasco,"Largo Paolo Braccini 2, 10095 Grugliasco",45.0683,7.5778,+390116709157;+393666867428,24/7,,si,?,"Accetta selvatici; piccoli selvatici consegnabili direttamente; per ungulati/carnivori/rapaci chiamare prima (349 416 3385); coordinate: centroide comune",https://www.elencocras.it/piemonte/torino/c-a-n-c-centro-animali-non-convenzionali/,
rifugio-miletta-agrate-conturbia,Rifugio Miletta (CRAS Novara),Piemonte,NO,Agrate Conturbia,"Via Visconti 31 ter, 28010 Agrate Conturbia",45.6667,8.5333,+393463132222,24 ore su 24 7 giorni su 7,https://www.rifugiomiletta.org/cras/,si,?,"Attivo nelle province di Novara e Vercelli; i ricci vanno portati al centro dal privato dopo telefonata; coordinate: centroide comune",https://www.rifugiomiletta.org/cras/,
nata-libera-graglia,Nata Libera (CRAS),Piemonte,BI,Graglia,"Cascina Busen, Regione San Carlo, 13895 Graglia",45.5333,8.0667,+393356286436,Attivi h24,,?,?,"Scheda elencocras aggiornata 22/06/2024; coordinate: centroide comune",https://elencocras.it/piemonte/biella/nata-libera/,
cras-valle-aosta-quart,CRAS Valle d'Aosta (Regione - Ufficio fauna selvatica),Valle d'Aosta,AO,Quart,"Località Epilaz, Quart (ufficio: Loc. Amérique 127/A)",45.7400,7.4300,+390165776218,"Ufficio lun-ven 8-16.30",,si,?,"Numero dell'ufficio fauna selvatica regionale non del centro; animali portati di norma dal Corpo forestale (1515); un'altra fonte dava 0165 77.62.20; coordinate: centroide comune",https://www.regione.vda.it/risorsenaturali/Fauna_selvatica/cras_i.aspx,
cruma-livorno,CRUMA LIPU Livorno,Toscana,LI,Livorno,Via delle Sorgenti 430,43.5485,10.3106,+390586400226,"Consegna animali tutti i giorni 9:00-18:00; telefono 10:00-17:00",http://www.cruma.org,si,?,"coordinate: centroide comune. Centro LIPU che ricovera tutta la fauna selvatica (non solo uccelli marini). Numero da sintesi di ricerca web: confermare prima dell'uso",https://www.gonews.it/?p=1206844,
ficuzza-corleone,Centro regionale recupero fauna selvatica LIPU Ficuzza,Sicilia,PA,Corleone,Ficuzza,37.8120,13.3020,+393392567961,,,si,?,"coordinate: centroide comune. Unico centro abilitato al ricovero in Sicilia; non accetta piccioni, animali domestici/da cortile, specie aliene, gabbiani. Numero indicato dalla Regione per i giorni di chiusura del punto primo soccorso di Palermo",https://www.regione.sicilia.it/la-regione-informa/punto-primo-soccorso-fauna-selvatica-0,
