nome,comune,motivo,fonte,telefoni_letti
CRAS Reparto Carabinieri Biodiversità Pescara,Pescara,chiuso secondo la fonte,https://rgpbio.it/reparto/pescara/,+393908572303;+393908573518;+3908573518;+3908572303
Oasi WWF Policoro Herakleia,Policoro,chiuso secondo la fonte,https://elencocras.it/basilicata/matera/oasi-wwf-policoro-herakleia/,+3908351825157
Centro Recupero Tartarughe Marine di Brancaleone,Brancaleone,accoglie solo specie diverse dai ricci (uccelli/rapaci/tartarughe/cetacei),https://animaliferiti.lipu.it/centro-regioni/calabria/,+393925951614
Centro Recupero Animali Selvatici BOSCHI DI CARREGA,Sala Baganza,chiuso secondo la fonte,https://elencocras.it/emilia-romagna/parma/cras-centro-recupero-animali-selvatici-boschi-di-carrega/,+390521833163;+393386817435
Centro Recupero Animali Selvatici (C.R.A.S.) “Le Civette”,Salsomaggiore Terme,chiuso secondo la fonte,https://elencocras.it/emilia-romagna/parma/centro-recupero-animali-selvatici-c-r-a-s-le-civette-/,+390524588683;+393396302762
Gruppo Operativo Faunistico (GOF),Roma,chiuso secondo la fonte,https://elencocras.it/lazio/roma/gruppo-operativo-faunistico/,+393518734336
Centro Recupero Fauna Selvatica LIPU Casacalenda,Casacalenda,chiuso secondo la fonte,https://elencocras.it/molise/campobasso/centro-recupero-fauna-selvatica-di-casacalenda/,+390874842090;+393479802245
CRAS Racconigi (Centro Cicogne e Anatidi),Racconigi,accoglie solo specie diverse dai ricci (uccelli/rapaci/tartarughe/cetacei),https://www.regione.piemonte.it/web/temi/agricoltura/tutela-della-fauna-caccia-pesca/cras-centri-recupero-animali-selvatici,+39017283457
Centro Recupero Tartarughe Marine di Torre Guaceto,Brindisi,nessun telefono letto in fonte,https://elencocras.it/puglia/brindisi/centro-recupero-tartarughe-marine-di-torre-guaceto/,
CARFS Monastir - Centro Recupero Fauna Selvatica,Monastir,indirizzo non geocodificabile,https://animaliferiti.lipu.it/centro-regioni/sardegna/,+390709165108
Riserva naturale Biviere di Gela,Gela,chiuso secondo la fonte,https://elencocras.it/sicilia/caltanissetta/riserva-naturale-biviere-di-gela/,
Centro recupero animali selvatici ASAS (CRAS Bussoleto),Barga (fraz. Filecchio),chiuso secondo la fonte,https://animaliferiti.lipu.it/centro-regioni/toscana/,+393520578725
WildUmbria - CRAS regionale (Pietralunga e Spello),Pietralunga  e Spello,indirizzo non geocodificabile,https://wildumbria.it/,+393703199068
"CRAS Valle d'Aosta (Quart, Loc. Epilaz)",Quart,indirizzo non geocodificabile,https://www.regione.vda.it/risorsenaturali/Fauna_selvatica/cras_i.aspx,+390165776218
Alveare Gruppo Recupero Animali Selvatici,,indirizzo non geocodificabile,https://animaliferiti.lipu.it/centro-regioni/veneto/,+393936009637
Centro Recupero Fauna Selvatica ed Esotica (Gorizia/Terranova) - interventi,,indirizzo non geocodificabile,https://www.regione.fvg.it/rafvg/cms/RAFVG/economia-imprese/agricoltura-foreste/foreste/FOGLIA100/,+390481960709;+393351313500;+39048181288;+393351313497
Zara Rifugio faunistico LIV Odv,Montecatini Terme,non è un centro di ricovero (solo informazioni/soccorso/rifugio) o stato non chiaro,https://animaliferiti.lipu.it/centro-regioni/toscana/,+393408016389
Associazione Amici animali a 4 zampe (La Valle Incantata),,non è un centro di ricovero (solo informazioni/soccorso/rifugio) o stato non chiaro,https://animaliferiti.lipu.it/centro-regioni/toscana/,+393884218510;+393932428179;+393420427322;+393409802716
Rifugio faunistico La martora APS (Siena),Montepulciano (Abbadia),non è un centro di ricovero (solo informazioni/soccorso/rifugio) o stato non chiaro,https://animaliferiti.lipu.it/centro-regioni/toscana/,+393932305375
La corte degli assioli (rifugio coordinato dal CRASM),Magliano in Toscana,non è un centro di ricovero (solo informazioni/soccorso/rifugio) o stato non chiaro,https://animaliferiti.lipu.it/centro-regioni/toscana/,+393313654568
"Delegazione LIPU L'Aquila (solo informazioni, non centro)",L'Aquila,non è un centro di ricovero (solo informazioni/soccorso/rifugio) o stato non chiaro,https://animaliferiti.lipu.it/centro-regioni/abruzzo/,+393471558007
Coop. Nova Terra (Potenza) - solo informazioni,,non è un centro di ricovero (solo informazioni/soccorso/rifugio) o stato non chiaro,https://animaliferiti.lipu.it/centro-regioni/basilicata/,+393477691322
Centro TARTANET AMP Punta Campanella,Massa Lubrense,accoglie solo specie diverse dai ricci (uccelli/rapaci/tartarughe/cetacei),https://animaliferiti.lipu.it/centro-regioni/campania/,+390818089877;+393349915046;+39800904841;+39800325051
Stazione Zoologica Anton Dohrn - Acquario di Napoli (tartarughe marine),Napoli,accoglie solo specie diverse dai ricci (uccelli/rapaci/tartarughe/cetacei),https://animaliferiti.lipu.it/centro-regioni/campania/,+390815833222
ASL veterinaria Salerno (guardia medica veterinaria),,nessun telefono letto in fonte,https://animaliferiti.lipu.it/centro-regioni/campania/,
Centro Recupero Tartarughe Marine Torre Guaceto,Carovigno,accoglie solo specie diverse dai ricci (uccelli/rapaci/tartarughe/cetacei),https://animaliferiti.lipu.it/centro-regioni/puglia/,+393355230215
Centro Primo Soccorso Tartarughe Marine Lesina,Lesina,accoglie solo specie diverse dai ricci (uccelli/rapaci/tartarughe/cetacei),https://animaliferiti.lipu.it/centro-regioni/puglia/,+390882992702
Centro Recupero Tartarughe Marine Manfredonia,Manfredonia,accoglie solo specie diverse dai ricci (uccelli/rapaci/tartarughe/cetacei),https://animaliferiti.lipu.it/centro-regioni/puglia/,+390884571508;+393475085535
San Paolo Dolphin Refuge (cetacei),Taranto,nessun telefono letto in fonte,https://foreste.regione.puglia.it/osservatorio-faunistico-regionale,
Centro Recupero Laguna di Nora (cetacei e tartarughe),Pula,accoglie solo specie diverse dai ricci (uccelli/rapaci/tartarughe/cetacei),https://animaliferiti.lipu.it/centro-regioni/sardegna/,+390709209544
Centro Recupero Tartarughe Marine AMP Penisola del Sinis,Cabras,accoglie solo specie diverse dai ricci (uccelli/rapaci/tartarughe/cetacei),https://animaliferiti.lipu.it/centro-regioni/sardegna/,+390783290071
CRAMA Centro Recupero Animali Marini Asinara,Porto Torres,accoglie solo specie diverse dai ricci (uccelli/rapaci/tartarughe/cetacei),https://animaliferiti.lipu.it/centro-regioni/sardegna/,+393408161772
Centro Recupero Tartarughe Marine di Lampedusa,Lampedusa,nessun telefono letto in fonte,https://animaliferiti.lipu.it/centro-regioni/sicilia/,
Centro Pronto Intervento Tartarughe Marine Filicudi,Filicudi (Lipari),accoglie solo specie diverse dai ricci (uccelli/rapaci/tartarughe/cetacei),https://animaliferiti.lipu.it/centro-regioni/sicilia/,+393494402021
Centro Recupero Tartarughe Marine AMP Isole Egadi,Favignana,accoglie solo specie diverse dai ricci (uccelli/rapaci/tartarughe/cetacei),https://animaliferiti.lipu.it/centro-regioni/sicilia/,+393385365759
CIPR (Comitato Italiano Protezione Rapaci),Rende,accoglie solo specie diverse dai ricci (rapaci/uccelli/tartarughe),https://www.cipr.it/,+393313418023
Centro Recupero Associazione Liberi di volare,Trieste,accoglie solo specie diverse dai ricci (rapaci/uccelli/tartarughe),https://liberidivolare2012.com/,+393455273513;+39345527351
Reparto Carabinieri Biodiversità Fogliano - CRAS,Fogliano,accoglie solo specie diverse dai ricci (rapaci/uccelli/tartarughe),https://rgpbio.it/reparto/fogliano/,+390773209049
Delegazione LIPU Niscemi (solo informazioni),Niscemi,"servizio di sola informazione/soccorso/trasporto, non un centro di ricovero",https://animaliferiti.lipu.it/centro-regioni/sicilia/,+393297480889
Associazione Vega Soccorso,Viareggio,"servizio di sola informazione/soccorso/trasporto, non un centro di ricovero",https://animaliferiti.lipu.it/centro-regioni/toscana/,+393488860685
La Casa dei Maccioni ODV,Carrara,"servizio di sola informazione/soccorso/trasporto, non un centro di ricovero",https://animaliferiti.lipu.it/centro-regioni/toscana/,+393500252187
Centro Recupero Avifauna Castel Tirolo,Tirolo,accoglie solo specie diverse dai ricci (rapaci/uccelli/tartarughe),https://www.gufyland.com/,+390473221500
Centro Riabilitazione Rapaci (Arcugnano),Arcugnano,accoglie solo specie diverse dai ricci (rapaci/uccelli/tartarughe),https://animaliferiti.lipu.it/centro-regioni/veneto/,+390444273455;+393333916687
Centro Recupero Rapaci VerdeBlu,Castel d'Azzano,accoglie solo specie diverse dai ricci (rapaci/uccelli/tartarughe),https://animaliferiti.lipu.it/centro-regioni/veneto/,+393341840950;+393316286228
