id,nome,regione,provincia,comune,indirizzo,lat,lon,telefono,orari,sito,accetta_ricci,accetta_stalli,note,fonte,verificato_il,ente,animali_accettati,territorio,h24,modalita,stato_centro,fonte_tipo,letto_il,precisione_coord
centro-recupero-fauna-selvatica-parco-gallipoli-cognato-accettura,Centro Recupero Fauna Selvatica Parco Gallipoli Cognato,Basilicata,MT,Accettura,"Parco Gallipoli-Cognato, loc. Palazzo",40.49565,16.14718,+390835675015,,https://www.parcogallipolicognato.it/index.php/it/centro-recupero-animali-selvatici-cras,?,?,Coordinate: centroide del comune (indirizzo non localizzato),https://www.parcogallipolicognato.it/index.php/it/centro-recupero-animali-selvatici-cras,,Parco Gallipoli-Cognato Piccole Dolomiti Lucane,,,?,,attivo,primaria,2026-10-08,comune
centro-recupero-fauna-selvatica-riserva-naturale-san-giuliano-cras-mat,Centro Recupero Fauna Selvatica Riserva naturale San Giuliano (CRAS Matera),Basilicata,MT,Miglionico,"Riserva Naturale Regionale di San Giuliano, Contrada Diga San Giuliano SS 7 km 560",40.56939,16.50097,+393391637510;+393476103769,,https://www.crasmatera.altervista.org/index.html,?,?,Coordinate: centroide del comune (indirizzo non localizzato) | Sito del centro non apribile (certificato self-signed): non verificato. Fonte = pagina LIPU che riporta dati del centro.,https://animaliferiti.lipu.it/centro-regioni/basilicata/,,Provincia di Matera con supporto tecnico De Rerum Natura sas,,Provincia di Matera,?,,attivo,secondaria,2026-10-08,comune
riserva-naturale-lago-pantano-di-pignola-pignola,Riserva Naturale Lago Pantano di Pignola,Basilicata,PZ,Pignola,Contrada Petrucco snc,40.57364,15.78350,+390971486142;+393381251167,,https://www.wwf.it/dove-interveniamo/il-nostro-lavoro-in-italia/oasi/oasi-lago-pantano-di-pignola/,?,?,Coordinate: centroide del comune (indirizzo non localizzato),https://elencocras.it/basilicata/potenza/cras-riserva-naturale-lago-pantano-di-pignola/,,WWF,,,?,,attivo,secondaria,2026-10-08,comune
cras-catanzaro-parco-della-biodiversita-mediterranea-catanzaro,CRAS Catanzaro - Parco della Biodiversita Mediterranea,Calabria,CZ,Catanzaro,"c/o Parco della Biodiversita Mediterranea, Via Vinicio Cortese",38.90764,16.59605,+39096184391,lun-ven 7.30-14,https://www.provincia.catanzaro.it/parco/index.php/visita-virtuale/natura/il-cras,?,?,Coordinate: centroide del comune (indirizzo non localizzato) | Sito provincia non apribile (certificato non verificabile). Chiuso fuori orario: h24 false dedotto dall'orario lun-ven.,https://animaliferiti.lipu.it/centro-regioni/calabria/,,Provincia di Catanzaro,,,no,,attivo,secondaria,2026-10-08,comune
centro-recupero-fauna-selvatica-ex-frullone-napoli-napoli,Centro Recupero Fauna Selvatica Ex Frullone (Napoli),Campania,NA,Napoli,Via M.R. Torrepadula c/o Presidio Ospedaliero Veterinario di Napoli - ASL NA1,40.83588,14.24877,+390812549596,,https://www.mvpa-unina.org/dipartimento/cras.xhtml,?,?,"Altri numeri citati da altre fonti, non confermati: +390812549980 | Coordinate: centroide del comune (indirizzo non localizzato) | Sito regione.campania.it 403 (Akamai): nessuna fonte ufficiale regionale letta.",https://www.mvpa-unina.org/dipartimento/cras/sedi-e-contatti_211.xhtml,,Universita Federico II - Dip. Medicina Veterinaria / ASL NA1,,,?,,attivo,primaria,2026-10-08,comune
cras-lipu-bologna-bologna,CRAS LIPU Bologna,Emilia-Romagna,BO,Bologna,via Emilio Lepido 177,44.51993,11.26826,+39051432020;+393805919219,tutti i giorni 8.30-13.00 e 16.00-19.30,https://lipubo.weebly.com/,si,?,Pagina ER dichiara 'I Cras attualmente sono 8'. Non letti siti propri dei centri (non scaricati).,https://agricoltura.regione.emilia-romagna.it/fauna-e-caccia/fauna/centri-recupero-animali-selvatici,,"LIPU (associazione di volontariato, RUNTS - secondo la Regione)","cura, riabilitazione e liberazione di avifauna e piccoli mammiferi non pericolosi","BO: Anzola dell'Emilia, Argelato, Baricella, Bentivoglio, Bologna, Budrio, Calderara di Reno, Casalecchio di Reno, Castello d'Argile, Castel Guelfo, Castel Maggiore, Crevalcore, Dozza, Galliera, Imola, Malalbergo, Medicina, Minerbio, Molinella, Mordano, Pieve di Cento, Sala Bolognese, San Giorgio di Piano, San Giovanni in Persiceto, San Pietro in Casale, Sant'Agata Bolognese, Zola Predosa; RA: Casola Valsenio, Castelbolognese, Faenza, Riolo Terme, Solarolo",no,Non effettua servizio di raccolta e trasporto degli animali feriti (consegna implicita da parte del cittadino negli orari di apertura; non detto esplicitamente),attivo,primaria,2026-10-08,indirizzo
cras-centro-tutela-e-ricerca-fauna-esotica-e-selvatica-monte-adone-sas,CRAS Centro Tutela e Ricerca Fauna Esotica e Selvatica Monte Adone,Emilia-Romagna,BO,Sasso Marconi,Via Brento 9,44.34854,11.29356,+39051847600,telefono emergenze attivo H24,https://www.centrotutelafauna.org/,si,?,Pagina ER dichiara 'I Cras attualmente sono 8'. Non letti siti propri dei centri (non scaricati).,https://agricoltura.regione.emilia-romagna.it/fauna-e-caccia/fauna/centri-recupero-animali-selvatici,,associazione di volontariato (RUNTS) - nome non indicato dalla fonte,"raccolta, trasporto, cura, riabilitazione e liberazione di lupo, volpe, sciacallo dorato, tasso, istrice, capriolo, cervo, daino, muflone in tutta BO; tutte le specie di mammiferi e uccelli nei comuni elencati","BO (28 comuni: Alto Reno Terme, Borgo Tossignano, Camugnano, Casalfiumanese, Castel del Rio, Castel di Casio, Castel d'Aiano, Castel San Pietro Terme, Castenaso, Castiglione dei Pepoli, Fontanelice, Gaggio Montano, Granarolo dell'Emilia, Grizzana Morandi, Lizzano in Belvedere, Loiano, Marzabotto, Monghidoro, Monterenzio, Monte San Pietro, Monzuno, Ozzano dell'Emilia, Pianoro, San Benedetto Val di Sambro, San Lazzaro di Savena, Sasso Marconi, Valsamoggia, Vergato); avifauna e altri mammiferi anche nei comuni LIPU quando chiuso/urgenza; FC e RA: lupo, sciacallo dorato, gatto selvatico (RA anche ",si,,attivo,primaria,2026-10-08,indirizzo
cras-amici-degli-animali-codigoro,CRAS Amici degli animali,Emilia-Romagna,FE,Codigoro,Via per Ferrara 18 (Oasi naturalistica Garzaia),44.83158,12.10952,+393483550012,emergenze attivo H24,https://www.amicideglianimali.org/,si,?,Coordinate: centroide del comune (indirizzo non localizzato) | Pagina ER dichiara 'I Cras attualmente sono 8'. Non letti siti propri dei centri (non scaricati).,https://agricoltura.regione.emilia-romagna.it/fauna-e-caccia/fauna/centri-recupero-animali-selvatici,,associazione di volontariato (RUNTS) - nome non indicato dalla fonte,tutte le specie di mammiferi (tranne lupo e sciacallo dorato) e uccelli,provincia di Ferrara,si,,attivo,primaria,2026-10-08,comune
cras-lipu-il-giardino-delle-capinere-ferrara,CRAS LIPU Il Giardino delle Capinere,Emilia-Romagna,FE,Ferrara,Via Porta Catena 118,44.84946,11.61444,+390532772077,"tutti i giorni 9,00-13,00; 14,00-18,00",https://www.lipuferrara.it/,si,?,Pagina ER dichiara 'I Cras attualmente sono 8'. Non letti siti propri dei centri (non scaricati).,https://agricoltura.regione.emilia-romagna.it/fauna-e-caccia/fauna/centri-recupero-animali-selvatici,,LIPU,"cura, riabilitazione e liberazione di piccoli mammiferi non pericolosi e di tutta l'avifauna","FE; RA: Alfonsine, Bagnacavallo, Conselice, Fusignano, Lugo, Massa Lombarda, Sant'Agata sul Santerno",no,Non effettua il servizio di raccolta e trasporto (consegna da parte del cittadino implicita),attivo,primaria,2026-10-08,indirizzo
cras-il-pettirosso-modena,CRAS Il Pettirosso,Emilia-Romagna,MO,Modena,Via Nonantolana 1217,44.66616,10.98166,+393398183676;+393393535192,emergenze attivo H24,https://www.centrofaunaselvatica.it/,si,?,Pagina ER dichiara 'I Cras attualmente sono 8'. Non letti siti propri dei centri (non scaricati).,https://agricoltura.regione.emilia-romagna.it/fauna-e-caccia/fauna/centri-recupero-animali-selvatici,,associazione di volontariato (RUNTS) - nome non indicato dalla fonte,"provincia MO: raccolta, trasporto, cura, riabilitazione e liberazione di tutte le specie di mammiferi e uccelli",MO (tutta); FE solo lupo e sciacallo dorato,si,,attivo,primaria,2026-10-08,indirizzo
piacenza-wildlife-rescue-center-rivergaro,Piacenza Wildlife Rescue Center,Emilia-Romagna,PC,Rivergaro,"Loc. Trebbiola, Niviano di Rivergaro",44.91025,9.59652,+393668991187,emergenze attivo H24,https://www.piacenzawildlife.org/,si,?,Coordinate: centroide del comune (indirizzo non localizzato) | Pagina ER dichiara 'I Cras attualmente sono 8'. Non letti siti propri dei centri (non scaricati).,https://agricoltura.regione.emilia-romagna.it/fauna-e-caccia/fauna/centri-recupero-animali-selvatici,,associazione di volontariato (RUNTS) - nome non indicato dalla fonte,tutte le specie di mammiferi e uccelli,provincia di Piacenza,si,,attivo,primaria,2026-10-08,comune
cras-rifugio-matildico-san-polo-d-enza,CRAS Rifugio Matildico,Emilia-Romagna,RE,San Polo d'Enza,Via Conti 22/1,44.61538,10.44843,+393394053723,emergenze attivo H24,https://rifugiomatildico.it/,si,?,"Altri numeri citati da altre fonti, non confermati: +393471265587 | Pagina ER dichiara 'I Cras attualmente sono 8'. Non letti siti propri dei centri (non scaricati).",https://agricoltura.regione.emilia-romagna.it/fauna-e-caccia/fauna/centri-recupero-animali-selvatici,,associazione di volontariato (RUNTS) - nome non indicato dalla fonte,tutte le specie di mammiferi e uccelli,province di Reggio Emilia e Parma,si,,attivo,primaria,2026-10-08,indirizzo
cras-atena-rimini,CRAS Atena,Emilia-Romagna,RN,Rimini,via Baracchi 47/M,44.02053,12.45305,+393387204689,emergenze attivo H24,https://www.crasrimini.it/,si,?,Pagina ER dichiara 'I Cras attualmente sono 8'. Non letti siti propri dei centri (non scaricati).,https://agricoltura.regione.emilia-romagna.it/fauna-e-caccia/fauna/centri-recupero-animali-selvatici,,associazione di volontariato (RUNTS) - nome non indicato dalla fonte,"RN: raccolta, trasporto, cura, riabilitazione e liberazione di tutte le specie di mammiferi e uccelli","RN; FC: tutti i comuni (tranne lupo, sciacallo dorato, gatto selvatico); RA: mammiferi non pericolosi e uccelli nei comuni di Bagnara di Romagna, Brisighella, Cervia (anche pericolosi), Cotignola, Ravenna, Russi",si,,attivo,primaria,2026-10-08,indirizzo
centro-recupero-fauna-selvatica-ed-esotica-di-terranova-terranova,Centro recupero fauna selvatica ed esotica di Terranova,Friuli-Venezia Giulia,GO,Terranova,"Via Grado, 28",45.75375,13.46988,+393371020606,,,?,?,,https://elencocras.it/friuli-venezia-giulia/gorizia/centro-recupero-fauna-selvatica-ed-esotica-di-terranova/,,,,,?,,attivo,secondaria,2026-10-08,indirizzo
centro-recupero-fauna-selvatica-fontanafredda-borgo-dei-bui-fontanafre,Centro Recupero Fauna Selvatica Fontanafredda (Borgo dei Bui),Friuli-Venezia Giulia,PN,Fontanafredda,Via Galilei,45.98165,12.54361,+393355636378,"8-20 tutti gli interventi; 20-8, sabato, domenica e festivi solo urgenze richieste da FFOO, VVF, CFR",,?,?,Elenco centri da LIPU https://animaliferiti.lipu.it/centro-regioni/friuli-venezia-giulia/ ; telefoni letti anche nella pagina regionale ufficiale.,https://www.regione.fvg.it/rafvg/cms/RAFVG/economia-imprese/agricoltura-foreste/foreste/FOGLIA100/,,Azienda Agricola Borgo dei Bui,,EDR Pordenone,no,,attivo,primaria,2026-10-08,indirizzo
arca-srl-soccorso-fauna-edr-trieste-trieste,ARCA srl soccorso fauna (EDR Trieste),Friuli-Venezia Giulia,TS,Trieste,,45.64965,13.77728,+393452556155,operativo h24,https://www.enpa-trieste.it/blog/soccorso-fauna-selvatica-ferita-o-in-difficolta--nella-provincia-di-trieste,?,?,"Numeri citati da altre fonti e non ritrovati nella fonte indicata: +393391996881 | Coordinate: centroide del comune (indirizzo non localizzato) | Servizio di soccorso, non una sede; sede non indicata.",https://www.regione.fvg.it/rafvg/cms/RAFVG/economia-imprese/agricoltura-foreste/foreste/FOGLIA100/,,ARCA srl,,EDR Trieste (e supporto Gorizia 16-20),si,,attivo,primaria,2026-10-08,comune
centro-recupero-fauna-selvatica-enpa-trieste-trieste,Centro Recupero Fauna Selvatica ENPA Trieste,Friuli-Venezia Giulia,TS,Trieste,Via Marchesetti 10/4,45.64222,13.82319,+393452556155,,https://www.facebook.com/enpatrieste/,?,?,"Il numero è quello di ARCA, non dell'ENPA (come indicato in LIPU e in pagina regionale).",https://animaliferiti.lipu.it/centro-regioni/friuli-venezia-giulia/,,ENPA Trieste,,,si,,attivo,secondaria,2026-10-08,indirizzo
centro-recupero-fauna-selvatica-campoformido-dordolo-campoformido,Centro Recupero Fauna Selvatica Campoformido (Dordolo),Friuli-Venezia Giulia,UD,Campoformido,Via San Daniele 11,46.01893,13.16612,+39800961969,"lun-ven 8-20; 20-8, sabato, domenica e festivi solo urgenze FFOO/VVF/CFR",,?,?,Indirizzo da elenco LIPU; telefono è Numero Verde Regione FVG.,https://www.regione.fvg.it/rafvg/cms/RAFVG/economia-imprese/agricoltura-foreste/foreste/FOGLIA100/,,ditta Dordolo (secondo pagina regionale),,EDR Udine,no,,attivo,primaria,2026-10-08,indirizzo
cras-parco-riviera-di-ulisse-gaeta,CRAS Parco Riviera di Ulisse,Lazio,LT,Gaeta,"Via Annunziata, 21",41.21157,13.58155,+390771743070,,https://www.parchilazio.it/rivieradiulisse-schede-525-centro_recupero_animali_selvatici_cras,si,?,Pagina parchilazio.it letta: nessun telefono presente; il numero viene solo da LIPU regioni.,https://animaliferiti.lipu.it/centro-regioni/lazio/,,Ente Parco Regionale Riviera di Ulisse,Fauna selvatica (generico). La pagina parco mostra una foto 'Mano con riccio' ma non elenca specie.,,?,,attivo,secondaria,2026-10-08,indirizzo
centro-recupero-fauna-selvatica-parco-faunistico-pian-dell-abatino-pog,Centro Recupero Fauna Selvatica Parco Faunistico Pian dell'Abatino,Lazio,RI,Poggio San Lorenzo,"c/o Parco Faunistico, via Capofarfa, 50",42.25243,12.84418,+390765884472;+393492360510,,https://www.parcoabatino.org/,?,?,"Altri numeri citati da altre fonti, non confermati: +393492360511 | Discrepanza: elencocras riporta 0765 884 472 e 349 236 0510 (senza 349/2360511) | Coordinate: centroide del comune (indirizzo non localizzato)",https://www.parcoabatino.org/contacts/,,Parco Faunistico Piano dell'Abatino,,,?,,attivo,primaria,2026-10-08,comune
centro-recupero-fauna-selvatica-lipu-roma-roma,Centro Recupero Fauna Selvatica LIPU Roma,Lazio,RM,Roma,"Via Aldrovandi, 2 angolo viale Belle Arti, Villa Borghese",41.89332,12.48293,+39063201912,"Orario 9.30-17.30 (LIPU regioni); visitabile tutti i giorni 9,30-17,30; invia foto o video su WhatsApp allo stesso numero",https://www.lipu.it/centro-recupero-fauna-roma,si,?,Coordinate: centroide del comune (indirizzo non localizzato) | Telefono confermato anche da https://animaliferiti.lipu.it/centro-regioni/lazio/ (06/3201912).,https://www.lipu.it/centro-recupero-fauna-roma,,LIPU,"Recupero di uccelli, mammiferi non pericolosi e mammiferi pericolosi (esclusi gli ungulati). Pagina centro: animali ricoverati includono 'volpi, tassi, ricci, istrici, pipistrelli'. Ricci CITATI.","Citta e provincia di Roma, regione Lazio e gran parte del Centro e Sud Italia (pagina centro)",?,,attivo,primaria,2026-10-08,comune
il-nuovo-regno-degli-animali-roma,Il Nuovo Regno degli Animali,Lazio,RM,Roma,"Via della Tenuta di San Cesareo, 62",41.82082,12.52981,+39065037124,,,?,?,Solo elencocras; non verificato.,https://elencocras.it/lazio/roma/il-nuovo-regno-degli-animali/,,,,,?,,attivo,secondaria,2026-10-08,indirizzo
cras-riserva-naturale-lago-di-vico-caprarola,CRAS Riserva Naturale Lago di Vico,Lazio,VT,Caprarola,SP 1 Cassia Cimina km 12,42.32662,12.23577,+393384932741,Responsabile reperibile per emergenze tutti i giorni 08.00-19.00; fuori orario SMS/WhatsApp,https://www.parchilazio.it/vico-schede-15937-cras_centro_recupero_animali_sevatici_della_riserva_lago_di_vico,si,?,Altri numeri (non confermati): +390761752282 | Coordinate: centroide del comune (indirizzo non localizzato) | 0761/752048 solo da LIPU regioni lazio.,https://www.parchilazio.it/vico-schede-15937-cras_centro_recupero_animali_sevatici_della_riserva_lago_di_vico,,Ente Monti Cimini - Riserva Lago di Vico,"Animali feriti, giovani uccelli, cuccioli di mammifero, sequestri. Ricci non citati.",,?,Non aperto al pubblico; il numero e solo per emergenze,attivo,primaria,2026-10-08,comune
cras-enpa-genova-campomorone-campomorone,CRAS ENPA Genova (Campomorone),Liguria,GE,Campomorone,"Via Lastrico 1, Campomorone (GE)",44.51164,8.86661,+390107212178,9-18; reperibili anche oltre l'orario d'ufficio solo per questioni urgenti,https://www.facebook.com/enpagenova1/,?,?,Discrepanza: Nessuna fonte regionale Liguria trovata (pagina regione.liguria.it senza elenco CRAS).,https://animaliferiti.lipu.it/centro-regioni/liguria/,,ENPA (sezione di Genova),,,no,,attivo,secondaria,2026-10-08,indirizzo
lipu-provincia-di-imperia-soldano,LIPU Provincia di Imperia,Liguria,IM,Soldano,"Corso Verbone, 199",43.82787,7.65512,+393482822329,,https://www.lipu.it/,?,?,,https://elencocras.it/liguria/imperia/lipu-provincia-di-imperia/,,Lipu,,,?,,attivo,secondaria,2026-10-08,indirizzo
naturabilia-c-r-a-s-odv-ameglia,Naturabilia C.R.A.S. ODV,Liguria,SP,Ameglia,"Via Ca' del Sale 1, 19031 Ameglia (SP)",44.06689,9.98392,+393342333333,LIPU: consegna animali 9-12 e 15-18,,si,?,Sito web non linkato: la pagina risultava compromessa (contenuti spam) | Discrepanza: La homepage naturabilia.org conteneva testo spam non pertinente (casino) ignorato; verificare integrita' del sito.,https://naturabilia.org/,,Naturabilia ODV,Animali selvatici (sito); ricci non citati nelle pagine lette.,Il sito dichiara collaborazione con Regione Liguria e Comuni soprattutto dello spezzino,?,"LIPU: tel. 334/2333333 per la consegna degli animali orario 9-12 - 15-18; oppure telefonare o inviare messaggi WhatsApp con foto dell'animale, luogo di ritrovamento e nome",attivo,primaria,2026-10-08,indirizzo
cras-enpa-savona-savona,CRAS ENPA Savona,Liguria,SV,Savona,"Via Nazionale Piemonte 158, Savona",44.34156,8.37570,+393456350596,reperibile h24 (LIPU),https://it-it.facebook.com/enpa.savona/,?,?,,https://www.enpa.sv.it/,,ENPA (sezione di Savona),,,si,,attivo,primaria,2026-10-08,indirizzo
cras-wwf-valpredina-cenate-sopra,CRAS WWF Valpredina,Lombardia,BG,Cenate Sopra,"Via Pioda 1, Cenate Sopra (BG)",45.71187,9.82371,+39035956140,Obbligatorio appuntamento telefonico o via chat WhatsApp prima di trasportare fauna (sito); LIPU: tutti i giorni previo appuntamento.,https://www.valpredina.eu/cras_wwf/,si,?,Coordinate: centroide del comune (indirizzo non localizzato),https://www.valpredina.eu/cras_wwf/,,Associazione WWF Bergamo Brescia ONLUS,"Rapaci notturni e diurni, mammiferi, 'Allevamento e Riabilitazione di Ricci', chirotteri, ungulati, scoiattoli, rondini ecc. Ricci citati esplicitamente.",,no,"Si, ma 'E' OBBLIGATORIO L'APPUNTAMENTO TELEFONICO O TRAMITE CHAT WHATSAPP PRIMA DI TRASPORTARE FAUNA FERITA O IN DIFFICOLTA'. 035956140'. Strutture non accessibili al pubblico.",attivo,primaria,2026-10-08,comune
cras-del-parco-dell-adamello-centro-faunistico-paspardo,CRAS del Parco dell'Adamello (Centro faunistico),Lombardia,BS,Paspardo,"Localita' Fles, Paspardo (BS)",46.04413,10.37768,+393484595374;+393929276538,,https://www.facebook.com/centrofaunistico.parcoadamello/,?,?,Discrepanza: Il sito parcoadamello.it riporta solo il telefono dell'ente Parco +39 0364 324011 (non del CRAS). | Coordinate: centroide del comune (indirizzo non localizzato),https://www.lontanoverde.it/,,Comunita' Montana di Valle Camonica (autorizzato); gestore Associazione L'Ontano Verde / 'Lontanoverde' (grafia diversa tra fonti),,,?,,attivo,primaria,2026-10-08,comune
cras-stella-del-nord-calolziocorte,CRAS Stella del Nord,Lombardia,LC,Calolziocorte,"Via Macorna 1, Calolziocorte (LC)",45.80639,9.42941,+3903411910881,,https://www.facebook.com/CrasStelladelNord/,?,?,Discrepanza: Il numero nella fonte e' scritto '034/11910881' (spaziatura anomala): normalizzato come 0341 1910881 (prefisso Lecco) - DA VERIFICARE. Nessun sito proprio leggibile (leidaa.info non contiene pagina del CRAS; Facebook blo,https://www.crasstelladelnord.it/,,LEIDAA (Lega Italiana per la Difesa degli Animali e dell'Ambiente),,"Saronnonews 2022: riferimento per Lecco, Como e relative province",?,,attivo,primaria,2026-10-08,indirizzo
crfs-la-fagiana-lipu-magenta,CRFS La Fagiana (LIPU),Lombardia,MI,Magenta,"Str. Valle 29, 20013 Pontevecchio di Magenta (MI) - Riserva La Fagiana, Parco del Ticino",45.46539,8.88384,+393383148603,"Aperto al pubblico tutto l'anno inclusi i festivi, 10-17 orario continuato; consigliato telefonare prima e comunicare l'orario di arrivo.",https://www.lipu.it/centri-recupero-fauna-selvatica/centro-recupero-fauna-selvatica-la-fagiana-magenta-mi,si,?,"Discrepanza: Saronnonews 2022: orario 10-16,30; LIPU: 10-17. | Coordinate: centroide del comune (indirizzo non localizzato)",https://www.lipu.it/centri-recupero-fauna-selvatica/centro-recupero-fauna-selvatica-la-fagiana-magenta-mi,,LIPU ODV,Fauna selvatica in difficolta' (oltre 26.000 esemplari ricoverati); ricci e mammiferi non citati esplicitamente nella pagina letta.,Il Centro è aperto al pubblico tutto l'anno dalle 10 alle 17 con orario continuato. Chiamare per prendere appuntamento.,no,"Centro aperto al pubblico 10-17: si consegna di persona, telefonare prima. LIPU Lombardia: seguire Google Maps per 'Cascina Bullona'.",attivo,secondaria,2026-10-08,comune
cras-wwf-vanzago-vanzago,CRAS WWF Vanzago,Lombardia,MI,Vanzago,"Via delle Tre Campane 21, 20043 Vanzago (MI) - Bosco WWF di Vanzago",45.52683,8.99495,+393669765549,Aperto tutti i giorni: 1 novembre-31 marzo 09.00-17.00; 1 aprile-30 ottobre 9.00-18.00. Il CRAS non e' accessibile al pubblico.,https://www.boscowwfdivanzago.it/cras/,si,?,Discrepanza: Articolo Saronnonews 04/11/2022 riporta 02/93549076 (orari 10-17 / 9-18); sito centro attuale e LIPU animaliferiti riportano 366/9765549. | Coordinate: centroide del comune (indirizzo non localizzato),https://www.boscowwfdivanzago.it/cras/,,Associazione Centro di Recupero Animali Selvatici WWF di Vanzago,"Fauna selvatica autoctona; ricoveri frequenti: merli, rondoni, germani, cince, rapaci tra gli uccelli e RICCI, scoiattoli, conigli selvatici, caprioli, volpi e tassi tra i mammiferi. Ricci citati esplicitamente.","Animali dalle province di Milano, Varese, Como, Lodi e Monza Brianza",no,"Numero da usare esclusivamente per informazioni sul CRAS; sito: 'Il CRAS non e' accessibile al pubblico'. Modalita' di consegna non descritta in dettaglio sulla pagina. Articolo Saronnonews 2022: i centri non ritirano gli animali, vanno portati.",attivo,primaria,2026-10-08,comune
cras-loghino-bosco-anpana-curtatone,CRAS Loghino Bosco ANPANA,Lombardia,MN,Curtatone,"Via Cantalupa 18, Curtatone loc. S. Silvestro (MN)",45.10955,10.71584,+393292395955,,https://www.facebook.com/Cras-Loghino-Bosco-Anpana-113962646830877/,?,?,Coordinate: centroide del comune (indirizzo non localizzato),https://animaliferiti.lipu.it/centro-regioni/lombardia/,,A.N.P.A.N.A. sezione Mantova,LIPU: 'Non ricoverano piccioni'. Ricci non citati.,,?,,attivo,secondaria,2026-10-08,comune
longhino-bosco-curtatone,Longhino Bosco,Lombardia,MN,Curtatone,"Via Cantalupa, 18",45.12777,10.74756,+393393177183;+39037647525,,https://www.anpana.it/cms/,?,?,Coordinate: centroide del comune (indirizzo non localizzato),https://elencocras.it/lombardia/mantova/cras-longhino-bosco/,,Anpana,,,?,,attivo,secondaria,2026-10-08,comune
cras-parcobaleno-coldiretti-mantova-mantova,CRAS Parcobaleno (Coldiretti Mantova),Lombardia,MN,Mantova,"Viale Learco Guerra 4/B (Bosco Virgiliano), Mantova",45.15667,10.79172,+393483534747,,https://www.parcobaleno.it/centro-di-soccorso-fauna-selvatica/,si,?,"Altri numeri citati da altre fonti, non confermati: +393347761016 | Coordinate: centroide del comune (indirizzo non localizzato)",https://www.parcobaleno.it/centro-di-soccorso-fauna-selvatica/,,Coldiretti Mantova (autorizzato); gestione Associazione Anticitta',Fauna selvatica ferita; la pagina cita 'un piccolo di riccio' nei consigli di primo soccorso. LIPU: non ricoverano piccioni.,,?,"Sito: 'Telefonare e portare il prima possibile l'animale ferito al Centro di Recupero Fauna Selvatica presso il Parcobaleno, viale Learco Guerra - Mantova. tel: 348.3534747'",attivo,primaria,2026-10-08,comune
cras-cascina-fornace-codevilla-codevilla,CRAS Cascina Fornace (Codevilla),Lombardia,PV,Codevilla,"Strada Voghera-Genestrello 7, Codevilla (PV)",44.96329,9.05739,+393355859117,,https://www.facebook.com/CRAS-Cascina-Fornace-106171071514659/,si,?,"Altri numeri citati da altre fonti, non confermati: +393407183036 | Discrepanza: Secondo numero scritto '335/585 9117' (spazio interno): normalizzato 335 5859117. Vigili provinciali (solo segnalazioni): 335/7550090. | Coordinate: centroide del comune (indirizzo non localizzato)",https://animaliferiti.lipu.it/centro-regioni/lombardia/,,Associazione 'Cascina Fornace' Onlus (autorizzato: Comune di Codevilla),LIPU: 'Solo mammiferi'. Ricci non citati esplicitamente.,,?,,attivo,secondaria,2026-10-08,comune
cras-san-rocco-provincia-di-sondrio-ponte-in-valtellina,CRAS San Rocco (Provincia di Sondrio),Lombardia,SO,Ponte in Valtellina,"Localita' San Rocco, Ponte in Valtellina (SO)",46.15443,9.97221,+390342531207;+390342531311,,https://www.provinciasondrio.it/servizio-caccia-pesca-strutture-agrarie/cras-centri-recupero-animali-selvatici/cose-come-funziona-cras,?,?,"Discrepanza: I numeri sono di Polizia Provinciale/Servizio Caccia, non una linea dedicata al centro. Servizio Caccia: +39 0342 531324 / 531282. | Coordinate: centroide del comune (indirizzo non localizzato)",https://animaliferiti.lipu.it/centro-regioni/lombardia/,,Provincia di Sondrio,,,?,,attivo,secondaria,2026-10-08,comune
oasi-wwf-ripa-bianca-centro-territoriale-pronto-intervento-e-recupero,Oasi WWF Ripa Bianca - Centro Territoriale Pronto Intervento e Recupero Animali Selvatici (gestito da Associazione Foxes),Marche,AN,Jesi,"Via Amos Zanibelli, 3/bis",43.54615,13.29231,+393471663774,,,?,?,Agg. elencocras 13/10/2025; non confermato da LIPU o Regione.,https://elencocras.it/marche/ancona/oasi-wwf-ripa-bianca/,,Associazione Foxes,,,?,Non è consentito portare animali feriti in riserva senza aver concordato prima telefonicamente la presa in carico (elencocras),attivo,secondaria,2026-10-08,indirizzo
cras-marche-sede-fermo-ascoli-piceno-fermo-macerata-fermo,"CRAS Marche - sede Fermo (Ascoli Piceno, Fermo, Macerata)",Marche,FM,Fermo,"Via Vallescura, 47 (elencocras); LIPU indica solo sede di Urbino",43.16159,13.71822,+393807989879,,https://www.provincia.pu.it/novita/visualizza/contenuto/cras-marche-centro-di-recupero-animali-selvatici-regionale,si,?,Discrepanza: LIPU regioni (https://animaliferiti.lipu.it/centro-regioni/marche/): Ancona 375/5913753 (+393755913753); Macerata 375/5913753 e 380/7989879; Ascoli e Fermo 380/7989879; tutte con indirizzo Urbino. | Coordinate: centroide del comune (indirizzo non localizzato),https://elencocras.it/marche/fermo/cras-regionale-marche/,,"Regione Marche - CRAS Marche regionale (DGR 1750/2018, attivo dal 1 gennaio 2019)",'raccolta di mammiferi e uccelli selvatici in stato sanitario e/o in difficoltà' (provincia.pu.it). Ricci non citati ma mammiferi si.,Fermo-Ascoli Piceno-Macerata (elencocras),?,,attivo,secondaria,2026-10-08,comune
cras-marche-sede-urbino-ca-girone-urbino,CRAS Marche - sede Urbino (Cà Girone),Marche,PU,Urbino,"Località Cà Girone, Via Monte Corbo, 61029",43.72626,12.63631,+393667786451;+393667786450,Servizio 24h: lun-ven 7.00-13.30 e sab 7.00-13.00 tel 366 7786451; lun-sab 14.00-6.00 e festivi 24h tel 366 7786450; Polizia provinciale 0721 289450 lun-sab 7-19,,si,?,"Altri numeri citati da altre fonti, non confermati: +390721289450 | Discrepanza: elencocras indica email cras.regionemarche@gmail.com; provincia.pu.it indica cras.pu@libero.it. LIPU: Ancona/Macerata 375/5913753, Ascoli/Fermo/Macerata 380/7989879 (numeri diversi per provincia). | Coordinate: centroide del comune (indirizzo non localizzato)",https://www.provincia.pu.it/novita/visualizza/contenuto/cras-marche-centro-di-recupero-animali-selvatici-regionale/,,"Regione Marche - CRAS Marche regionale (DGR 1750/2018, attivo dal 1 gennaio 2019)",'raccolta di mammiferi e uccelli selvatici in stato sanitario e/o in difficoltà' (provincia.pu.it). Ricci non citati ma mammiferi si.,Provincia di Pesaro e Urbino,si,,attivo,secondaria,2026-10-08,comune
centro-recupero-fauna-selvatica-lipu-tigliole-d-asti-tigliole,Centro Recupero Fauna Selvatica LIPU Tigliole d'Asti,Piemonte,AT,Tigliole,"Regione: Localita' Case Doglioni, 14016 Tigliole d'Asti; LIPU: Strada Stazione San Damiano 48bis, 14016 Tigliole (AT)",44.88695,8.07535,+393297157871,LIPU: consegna da marzo a settembre 15-18 tutti i giorni eccetto lunedi'; da ottobre a febbraio 15-17 escluso lunedi' (orari soggetti a variazione). LIPU animaliferiti: consegna 10-13 e 16-18.,https://www.lipu.it/centri-recupero-fauna-selvatica/centro-recupero-fauna-selvatica-asti,si,?,"Altri numeri citati da altre fonti, non confermati: +393472425611, +393792453394 | Discrepanza: Regione Piemonte (pagina CRAS) riporta Tel. 3389320815 e 3472425611, email lipuat@libero.it; LIPU riporta 329 7157871, 347 2425611, 379 2453394 (Angelo/Francesco). Comune del dato: 338 9320815 solo nella pagina Regione.  | Coordinate: centroide del comune (indirizzo non localizzato)",https://www.lipu.it/centri-recupero-fauna-selvatica/centro-recupero-fauna-selvatica-asti,,LIPU,"Circa 2.000 animali/anno: rapaci, altri uccelli e mammiferi (volpi, tassi, RICCI, pipistrelli). Ricci citati esplicitamente.","Citta' di Asti e provincia, provincia di Alessandria, aree centrali e sud-occidentali del Piemonte",no,Consegna degli animali negli orari indicati (pagina LIPU).,attivo,secondaria,2026-10-08,comune
rifugio-nata-libera-born-free-italia-onlus-graglia-graglia,Rifugio Nata Libera (Born Free Italia onlus) - Graglia,Piemonte,BI,Graglia,"Regione San Carlo 9, Graglia (BI)",45.56998,7.94733,+393356286436,,https://www.facebook.com/RifugioNataLibera,?,?,Discrepanza: Non in elenco Regione; nessuna verifica diretta.,https://nataliberaitalia.wixsite.com/nata-libera/il-cras,,Associazione Born Free Italia onlus,,,?,,attivo,primaria,2026-10-08,indirizzo
cras-bernezzo-cras-odv-bernezzo,CRAS Bernezzo (CRAS ODV),Piemonte,CN,Bernezzo,"Via Alpi 25, 12010 Bernezzo (CN)",44.38988,7.42919,+39017182305;+393285325296,Orari di apertura: 24 ore su 24 (numero di reperibilita' 328 53 25 296),https://crasodv.it/,si,?,,https://www.regione.piemonte.it/web/temi/agricoltura/tutela-della-fauna-caccia-pesca/cras-centri-recupero-animali-selvatici,,CRAS ODV,Fauna selvatica; ricci non citati esplicitamente nelle pagine lette.,Regione Piemonte: reperibilita' solo ed esclusivamente per animali ritrovati entro i confini della Provincia di Cuneo,si,,attivo,primaria,2026-10-08,indirizzo
centro-recupero-ricci-la-ninna-novello,Centro Recupero Ricci La Ninna,Piemonte,CN,Novello,"Via Regina Margherita 1, 12060 Novello (CN)",44.58771,7.92846,+393240980940,24/7,https://laninna.org/,si,?,Discrepanza: Non e' nell'elenco regionale della rete CRAS letto (pagina Regione Piemonte): status autorizzativo non verificato.,https://laninna.org/contatti/,,Centro Recupero Ricci La Ninna (dott. Massimo Vacchetta),Solo ricci (centro dedicato). Ricci citati.,Numero riservato alle sole emergenze in Piemonte,?,"Sito: scrivere su Messenger o chiamare 324 098 0940 (solo emergenze); NO WhatsApp, NO SMS. Pagina 'come raccogliere e trasportare un riccio' contiene istruzioni di trasporto.",attivo,primaria,2026-10-08,indirizzo
rifugio-miletta-c-r-a-s-agrate-conturbia,Rifugio Miletta - C.R.A.S.,Piemonte,NO,Agrate Conturbia,"Via Visconti 31 ter, 28010 Agrate Conturbia (NO)",45.67530,8.55386,+393463132222,Numero dedicato 24h su 24 (sito),https://www.rifugiomiletta.org/cras/,si,?,Discrepanza: Non presente nell'elenco rete regionale letto (pagina Regione Piemonte): status autorizzativo da verificare.,https://www.rifugiomiletta.org/cras/,,Rifugio Miletta ETS,"Mammiferi di grossa taglia soccorsi sul posto; uccelli e mammiferi di piccola taglia (come ad esempio i ricci, ghiri, scoiattoli) portati al centro. Ricci citati esplicitamente.",Provincia di Novara. Se le strutture e le donazioni lo permettono accoglie anche animali selvatici (se portati presso il centro) da province in cui non è presente un CRAS.,si,"'Tutti gli uccelli e i mammiferi di piccola taglia (come ad esempio i ricci, ghiri, scoiattoli etc.) devono essere portati al nostro centro dal privato che li ritrova, dopo averci telefonato'",attivo,primaria,2026-10-08,indirizzo
canc-centro-animali-non-convenzionali-ospedale-veterinario-universitar,CANC - Centro Animali Non Convenzionali (Ospedale Veterinario Universitario),Piemonte,TO,Grugliasco,"Largo Paolo Braccini 5, Grugliasco (TO)",45.06738,7.58887,+390116709157;+393666867428,Diurno 8.30-18.30 accettazione diretta; notturno 18.30-8.30 su chiamata al 366/6867428,https://www.facebook.com/CANC.CentroAnimaliNonConvenzionali/,?,?,"Altri numeri citati da altre fonti, non confermati: +393494163385 | Discrepanza: Non e' nell'elenco rete Regione Piemonte (pagina letta); sito ufficiale non raggiungibile (ospedaleveterinario.unito.it: connect rejected).",https://animaliferiti.lipu.it/centro-regioni/piemonte/,,Universita' di Torino - Ospedale Veterinario Universitario (servizio per Citta' Metropolitana di Torino),Non specificato dalla fonte; ricci non citati.,Città Metropolitana di Torino,si,Accettazione diretta in orario diurno; di notte su chiamata (LIPU),attivo,secondaria,2026-10-08,indirizzo
centro-recupero-fauna-selvatica-vco-dr-uberto-calligarich-verbania,Centro Recupero Fauna Selvatica VCO (Dr. Uberto Calligarich),Piemonte,VB,Verbania,"Via Panoramica 7, S. Bernardino Verbano, Verbania (VB) (indirizzo da LIPU; DGR indica solo 'San Bernardino Verbano')",45.93441,8.55801,+3903234950289;+393355985401;+393355985400,Polizia provinciale 0323/4950289 (h24); numeri 335 SOLO per emergenze,https://www.provincia.verbano-cusio-ossola.it/servizio/interventi-a-seguito-di-ritrovamento-di-animali-selvatici-feriti-deceduti-o-abbattuti/,?,?,Discrepanza: Il PDF DGR (https://www.regione.piemonte.it/governo/bollettino/abbonati/2020/45/attach/dgr_02180_1050_30102020.pdf) non riporta telefono; l'URL contiene '2180-1050' ma il titolo del documento e' 'n. 13-2180'. La pagina P | Coordinate: centroide del comune (indirizzo non localizzato),https://animaliferiti.lipu.it/centro-regioni/piemonte/,,Dr. Uberto Calligarich (autorizzato con determinazione n. 31 del 10/01/2020 della Provincia VCO),,,si,"Pagina Provincia VCO: segnalazioni telefoniche a uffici Verbania/Domodossola o servizio pronta reperibilita' Polizia Provinciale, che trasporta ai centri autorizzati.",attivo,secondaria,2026-10-08,comune
nor-nucleo-operativo-recupero-e-tutela-fauna-selvatica-servizio-di-soc,"NOR - Nucleo Operativo Recupero e Tutela Fauna Selvatica (servizio di soccorso, tutta la Puglia)",Puglia,BA,Bari,,41.12578,16.86203,+393495645878,,https://www.facebook.com/nucleotutelaerecupero/,si,?,"Altri numeri citati da altre fonti, non confermati: +393483145810 | Coordinate: centroide del comune (indirizzo non localizzato) | Servizio di soccorso, non un centro con sede di ricovero.",https://animaliferiti.lipu.it/centro-regioni/puglia/,,NOR,Soccorso fauna selvatica in difficolta,Tutte le province pugliesi,?,,attivo,secondaria,2026-10-08,comune
osservatorio-faunistico-regionale-centro-recupero-regionale-bitetto-bi,Osservatorio Faunistico Regionale - Centro recupero regionale (Bitetto),Puglia,BA,Bitetto,"Via G. Palmiotti, 43",41.04141,16.74870,+390809920283;+390805406973,Uffici: lun-sab 8-13 (mar e gio anche 14.30-16); estivo 20/6-20/9 2026: lun-dom 8.30-16.30,https://foreste.regione.puglia.it/osservatorio-faunistico-regionale,?,?,"Discrepanza: Pagina regionale (foreste.regione.puglia.it) NON riporta 080/9920283 e 080/5406973; riporta uffici 0805406972, 0805401318, ambulatorio vet 0805406976, 0805405048 e mail osservatorio.faunistico@regione.puglia.it. I numeri | Coordinate: centroide del comune (indirizzo non localizzato) | Orari sono quelli del servizio/uffici indicati nella pagina regionale. Pagina regionale cita DGR fino ad agosto 2026 (letta ottobre 2026).",https://animaliferiti.lipu.it/centro-regioni/puglia/,,Regione Puglia - Sezione Gestione Sostenibile e Tutela Risorse Forestali e Naturali,'accettare gli animali conferiti dalle autorita preposte e/o privati cittadini',"Il territorio di competenza è quello della provincia di Brindisi, limitatamente ai territori comunali di seguito indicati: Brindisi, Carovigno, Cellino San Marco, Latiano, Mesagne, San Donaci, San Pietro Vernotico, San Vito dei Normanni, Torchiarolo.",no,Accetta animali conferiti da autorita e/o privati cittadini,attivo,secondaria,2026-10-08,comune
centro-recupero-fauna-selvatica-brindisi-brindisi,Centro Recupero Fauna Selvatica Brindisi,Puglia,BR,Brindisi,via Ciciriello s.n. (ex caserma Vigili del fuoco),40.63754,17.94550,+393282847108;+393356780665,lun-ven 7.30-15; mar 7.30-18,https://www.facebook.com/Centro-Fauna-Selvatica-della-Provincia-di-Brindisi-410939316342992/,si,?,"Altri numeri citati da altre fonti, non confermati: +390831562481 | Coordinate: centroide del comune (indirizzo non localizzato) | Pagina regionale conferma 328 2847108 e 335 6780665 (non 0831/562481). Sito santateresaspa.it non risolvibile.",https://animaliferiti.lipu.it/centro-regioni/puglia/,,Provincia di Brindisi (gestione Santa Teresa SpA),fauna selvatica omeoterma,Provincia di Brindisi,no,,attivo,secondaria,2026-10-08,comune
centro-prima-accoglienza-fauna-selvatica-torre-guaceto-carovigno,Centro prima accoglienza Fauna Selvatica Torre Guaceto,Puglia,BR,Carovigno,Via Sant'Anna n.6 (da pagina regionale),40.70719,17.65685,+393355230215,7-20 (whatsapp attivo),https://www.riservaditorreguaceto.it/index.php/it/la-riserva/recupero-della-fauna/centro-territoriale-di-prima-accoglienza-della-fauna-selvatica-omeoterma,si,?,Coordinate: centroide del comune (indirizzo non localizzato) | Numero confermato anche da https://foreste.regione.puglia.it/osservatorio-faunistico-regionale ('335 5230215'). Sito del centro HTTP 500 al momento.,https://animaliferiti.lipu.it/centro-regioni/puglia/,,Consorzio di Gestione Torre Guaceto,fauna selvatica omeoterma,"Solo i comuni di Brindisi, Carovigno, Cellino San Marco, Latiano, Mesagne, San Donaci, San Pietro Vernotico, San Vito dei Normanni, Torchiarolo",no,,attivo,secondaria,2026-10-08,comune
centro-recupero-fauna-selvatica-ostuni-ostuni,Centro Recupero Fauna Selvatica Ostuni,Puglia,BR,Ostuni,"Contrada San Lorenzo, SP 19 accanto all'Istituto tecnico Pantanelli",40.72763,17.57641,+390831303018;+393282847108;+393356780665,lun-ven 7-14,http://www.santateresaspa.it/index.php/recupero-fauna,si,?,Coordinate: centroide del comune (indirizzo non localizzato),https://animaliferiti.lipu.it/centro-regioni/puglia/,,Provincia di Brindisi (gestione Santa Teresa SpA),fauna selvatica omeoterma,,no,,attivo,secondaria,2026-10-08,comune
centro-prima-accoglienza-fauna-selvatica-di-capitanata-roseto-valforto,Centro Prima accoglienza fauna selvatica di Capitanata (Roseto Valfortore),Puglia,FG,Roseto Valfortore,S.P. 129 km (Roseto Valfortore-Biccari km 4) presso Villaggio Primavera,41.37243,15.09614,+393784220105,tel. h 8-20; altri orari Polizia locale/Carabinieri Forestali,https://www.facebook.com/people/Centro-di-Prima-Accoglienza-Fauna-Selvatica-di-Capitanata/61587926995221/,si,?,"Discrepanza: Pagina regionale https://foreste.regione.puglia.it/osservatorio-faunistico-regionale riporta 329 4937067 (=+393294937067); LIPU riporta 378/4220105. Numeri diversi, da verificare. | Coordinate: centroide del comune (indirizzo non localizzato)",https://animaliferiti.lipu.it/centro-regioni/puglia/,,Comune di Roseto Valfortore (DGR 1468 del 07/10/2025),fauna selvatica,,no,Per interventi in altri orari contattare la Polizia locale o i Carabinieri Forestali,attivo,secondaria,2026-10-08,comune
cras-salento-centro-territoriale-accoglienza-fauna-selvatica-omeoterma,CRAS Salento - Centro Territoriale Accoglienza Fauna Selvatica Omeoterma (Calimera),Puglia,LE,Calimera,"S.P. Calimera-Borgagne km 1, 73021",40.25002,18.28073,+393206586561;+393248890790;+393206586551,,https://www.msns.it/centro-recupero-fauna-selvatica/,si,?,Discrepanza: Pagina regionale https://foreste.regione.puglia.it/osservatorio-faunistico-regionale riporta 324 8898814 e 320 6586561; LIPU riporta 324/8890790 (diverso). 320/6586561 concorda. | Coordinate: centroide del comune (indirizzo non localizzato) | msns.it nessun telefono sulla pagina letta (pagina del 2019-01-28).,https://animaliferiti.lipu.it/centro-regioni/puglia/,,Comune di Calimera / Cooperativa Naturalia (Museo di Storia Naturale del Salento),uccelli e mammiferi (320/6586561); tartarughe marine (320/6586551). Pagina msns.it elenca 'Gabbia con divisori per ricci e piccoli roditori' e voliere per volpi: RICCI CITATI.,Provincia di Lecce (riferimento anche per province limitrofe),?,,attivo,secondaria,2026-10-08,comune
centro-territoriale-prima-accoglienza-fauna-selvatica-omeoterma-mandur,Centro territoriale prima accoglienza fauna selvatica omeoterma Manduria (Litorale Tarantino Orientale),Puglia,TA,Manduria,"Casa del Parco - Masseria Marina, San Pietro in Bevagna, incrocio SP137-SP141",40.40183,17.63351,+393319768753,Lun-Dom 8 - 16,,si,?,Coordinate: centroide del comune (indirizzo non localizzato) | Non presente nella pagina LIPU Puglia. Prefisso +39 aggiunto al numero letto.,https://foreste.regione.puglia.it/osservatorio-faunistico-regionale,,Riserve Naturali Regionali Orientate Litorale Tarantino Orientale (DGR 737 del 29/05/2025),fauna selvatica omeoterma,,?,,attivo,primaria,2026-10-08,comune
carfs-bonassai-centro-recupero-fauna-selvatica-olmedo,CARFS Bonassai - Centro Recupero Fauna Selvatica,Sardegna,SS,Olmedo,Localita Bonassai,40.65136,8.38358,+39079389565;+393204331181,Lun-Ven 7-16 Sab-Dom 7-12,https://www.sardegnaforeste.it/struttura-territoriale/carfs-di-bonassai,?,?,Coordinate: centroide del comune (indirizzo non localizzato) | Sito Forestas irraggiungibile.,https://animaliferiti.lipu.it/centro-regioni/sardegna/,,Agenzia Forestas,,,?,,attivo,secondaria,2026-10-08,comune
centro-provinciale-di-recupero-della-fauna-selvatica-sassari,Centro Provinciale di recupero della Fauna selvatica,Sardegna,SS,Sassari,,40.72347,8.56127,+390792069888,,https://www.provincia.sassari.it/index.php/servizi/canali/1001,?,?,Coordinate: centroide del comune (indirizzo non localizzato),https://elencocras.it/sardegna/sassari/centro-provinciale-di-recupero-della-fauna-selvatica/,,,,Zona Nord Ovest della Provincia di Sassari.,?,,attivo,secondaria,2026-10-08,comune
centro-recupero-fauna-selvatica-e-tartarughe-marine-agrigento-cattolic,Centro Recupero Fauna Selvatica e Tartarughe Marine Agrigento (Cattolica Eraclea),Sicilia,AG,Cattolica Eraclea,"SP 29, Km 12+400",37.44084,13.39205,+393382198533,,https://www.facebook.com/AGcentrorecuperofaunaselvatica/,si,?,Coordinate: centroide del comune (indirizzo non localizzato),https://www.lampedusaturtlerescue.org,,(non indicato),"il Centro Provinciale Recupero Fauna Selvatica che si occupa principalmente di uccelli, rettili e mammiferi selvatici.",,?,,attivo,primaria,2026-10-08,comune
centro-recupero-fauna-selvatica-stretto-di-messina-messina,Centro Recupero Fauna Selvatica Stretto di Messina,Sicilia,ME,Messina,"Localita Forte Ferraro, Colle San Rizzo",38.19376,15.55421,+393333600682;+393479346805;+393209435038,Lunedì: 08.00 - 13.30Martedì: 08.00 - 13.30Mercoledì: 08.00 - 13.30Giovedì: 08.00 - 13.30Venerdì: 08.00 - 13.30Sabato :08.00 - 13.30Domenica : 09.00 - 13.30,https://www.facebook.com/Centro-Recupero-Fauna-Selvatica-Stretto-di-Messina-271102316287973/,?,?,Numeri citati da altre fonti e non ritrovati nella fonte indicata: +393297696176 | Coordinate: centroide del comune (indirizzo non localizzato),https://animaliferiti.lipu.it/centro-regioni/sicilia/,,(non indicato),,347/9346805 anche per Reggio Calabria; 320/9435038 zona Rometta Marea,?,,attivo,secondaria,2026-10-08,comune
centro-recupero-fauna-selvatica-bosco-di-ficuzza-corleone,Centro Recupero Fauna Selvatica Bosco di Ficuzza,Sicilia,PA,Corleone,"Via del Bosco, 1",37.88217,13.37814,+393392567961,,https://www.lipu.it/,?,?,,https://elencocras.it/sicilia/palermo/centro-recupero-fauna-selvatica-bosco-di-ficuzza/,,Lipu,,,?,,attivo,secondaria,2026-10-08,indirizzo
centro-recupero-fauna-selvatica-lipu-bosco-di-ficuzza-corleone,Centro Recupero Fauna Selvatica LIPU Bosco di Ficuzza,Sicilia,PA,Corleone,"Riserva naturale Bosco della Ficuzza, 90034 Ficuzza di Corleone, vicino alla piazza principale",37.81211,13.30148,+393895652566,"LIPU regione: inverno 10-13 e 15-18 (fonte LIPU animaliferiti); lipu.it: invernale 10-13, estivo 10-13 e 15-18 (aperto tutto l'anno)",https://www.lipu.it/centro-recupero-fauna-bosco-di-ficuzza-pa,si,?,"Discrepanza: Orari discordanti: animaliferiti.lipu.it 'orario invernale: 10-13; 15-18' vs lipu.it 'invernale 10-13, estivo 10-13 e 15-18'. Telefono concorda (389 5652566). | Coordinate: centroide del comune (indirizzo non localizzato) | Anim. accettati letti su animaliferiti.lipu.it/centro-regioni/sicilia/.",https://www.lipu.it/centri-recupero-fauna-selvatica/centro-recupero-fauna-selvatica-ficuzza-pa,,LIPU,"Recupero uccelli, mammiferi pericolosi e mammiferi non pericolosi (ricci non nominati; mammiferi si)",Animali da tutta la Sicilia,no,,attivo,primaria,2026-10-08,comune
impronte-del-bosco-odv-cras-arezzo-rifugio-coordinato-dal-crasm-per-li,Impronte del Bosco ODV (CRAS Arezzo; rifugio coordinato dal CRASM per LIPU),Toscana,AR,Arezzo,"Localita Campriano, 36/A (LIPU); Piazza Andromeda 22/b (elencocras)",43.46290,11.87817,+393905752551;+3905752551,H24 (elencocras); ambulatorio lun-sab 9-13 e 16-20,https://www.leimprontedelbosco.org/,si,?,Coordinate: centroide del comune (indirizzo non localizzato) | LIPU toscana elenca 0575/2551 come 'ASL Arezzo'. Il sito leimprontedelbosco.org ha dato 404 in homepage.,https://elencocras.it/toscana/arezzo/impronte-del-bosco/,,Le impronte del bosco Odv,"elencocras: animali di piccole dimensioni (come volatili, ricci, roditori, lagomorfi etc.) vanno portati in ambulatorio negli orari di apertura. Ricci CITATI.",Provincia di Arezzo,si,"Animali piccoli (ricci inclusi) portati in ambulatorio lun-sab 9-13 e 16-20, o accordandosi con la dr.ssa Gessica Senzamici di notte e domenica, sempre attivando il servizio tramite centralino ospedale (elencocras)",attivo,secondaria,2026-10-08,comune
ce-t-r-a-s-centro-toscano-recupero-avifauna-selvatica-empoli,Ce.T.R.A.S. Centro Toscano Recupero Avifauna Selvatica,Toscana,FI,Empoli,"Via Bruno Buozzi, 1",43.71949,10.94586,+393772406976,,https://www.cetras.it/,si,?,Coordinate: centroide del comune (indirizzo non localizzato) | Home cetras.it letta: solo avifauna.,https://www.cetras.it/elementor-13/info-e-contatti/,,Ce.T.R.A.S.,Avifauna selvatica (sito centro). Ricci non citati: probabilmente non idoneo ai ricci.,,?,,attivo,primaria,2026-10-08,comune
centro-recupero-fauna-selvatica-montespertoli-semia-onlus-montespertol,Centro Recupero Fauna Selvatica Montespertoli SEMIA Onlus,Toscana,FI,Montespertoli,"Via del Bosco, 11",43.62365,11.13369,+393345768460,"Veterinario sempre presente, riceve animali selvatici feriti dalle 16 alle 19 (elencocras, aggiornato 29/07/2024)",https://www.semiaonlus.org,si,?,Orari/consegna da https://elencocras.it/toscana/firenze/cras-montespertoli-semia/ (fonte terza).,https://animaliferiti.lipu.it/centro-regioni/toscana/,,SEMIA Onlus,Sono accettati solo animali selvatici (elencocras). Ricci non citati.,,?,"Non effettua recuperi sul territorio; gli animali possono essere consegnati presso la sede ESCLUSIVAMENTE dalle 16 alle 19, tutti i giorni (elencocras.it)",attivo,secondaria,2026-10-08,indirizzo
centro-recupero-fauna-selvatica-del-mugello-lipu-vicchio,Centro Recupero Fauna Selvatica del Mugello Lipu,Toscana,FI,Vicchio,"Via di Ponte a Vicchio, 48",43.93325,11.46541,+393478781971,12-17 (gli orari possono subire variazioni in base alla stagione); visite su prenotazione,https://www.lipu.it/centro-recupero-rapaci-del-mugello,si,?,Coordinate: centroide del comune (indirizzo non localizzato) | Pagina centro https://www.lipu.it/centro-recupero-rapaci-del-mugello conferma 3478781971 ('In caso del ritrovamento di un animale in difficolta rivolgersi al numero telefonico Tel.3478781971').,https://animaliferiti.lipu.it/centro-regioni/toscana/,,LIPU,"Solo uccelli, ricci e pipistrelli.",,?,,attivo,secondaria,2026-10-08,comune
centro-recupero-animali-selvatici-della-maremma-crasm-animanatura-wild,Centro Recupero Animali Selvatici della Maremma (CRASM) / Animanatura Wild Sanctuary - Semproniano,Toscana,GR,Semproniano,"SO 34, km 3,5",42.73066,11.54035,+393453058931;+390564987076,,https://www.wwf.it/dove-interveniamo/il-nostro-lavoro-in-italia/centri-di-recupero/cras-semproniano/,si,?,"Discrepanza: Pagina WWF https://www.wwf.it/dove-interveniamo/il-nostro-lavoro-in-italia/centri-di-recupero/cras-semproniano/ riporta 'Tel: Dott. Aloisi 333/4102143' (+393334102143) vs LIPU 345/3058931. | Coordinate: centroide del comune (indirizzo non localizzato) | WWF: Crase per esotici e selvatici, attivita principale sequestri/esotici.",https://animaliferiti.lipu.it/centro-regioni/toscana/,,WWF e LAV (elencocras); Animanatura Wild Sanctuary (LIPU),"Soccorso e recupero di uccelli, mammiferi pericolosi e mammiferi non pericolosi. Ricci non citati espressamente (mammiferi non pericolosi).",LIPU lo elenca anche per le province di Arezzo e Siena,?,,attivo,secondaria,2026-10-08,comune
centro-recupero-uccelli-marini-e-acquatici-cruma-livorno-livorno,Centro Recupero Uccelli Marini e Acquatici CRUMA Livorno,Toscana,LI,Livorno,"Via delle Sorgenti, 430",43.56834,10.36333,+390586400226,Aperto tutti i giorni dell'anno (festivi compresi) 9:00-18:00 per la consegna degli animali; risposta telefonica 10:00-17:00; anche WhatsApp al fisso,https://www.lipu.it/centri-recupero-fauna-selvatica/centro-recupero-fauna-selvatica-cruma-livorno,si,?,,https://www.lipu.it/centri-recupero-fauna-selvatica/centro-recupero-fauna-selvatica-cruma-livorno,,LIPU,"Specializzato in uccelli marini e acquatici; 'non solo uccelli marini e acquatici ma anche altre specie di uccelli e mammiferi'. LIPU regioni: uccelli, mammiferi pericolosi e non pericolosi. Ricci non citati.",LIPU regioni lo elenca anche per la provincia di Pisa,no,Aperto per la consegna degli animali 9-18 tutti i giorni,attivo,primaria,2026-10-08,indirizzo
cras-bussoleto-barga,CRAS Bussoleto,Toscana,LU,Barga,"Via Comunale, 14 - Fraz. Filecchio",44.07392,10.48426,+393520578725,,,?,?,Coordinate: centroide del comune (indirizzo non localizzato),https://elencocras.it/toscana/lucca/cras-bussoleto/,,ASAS,,,?,,attivo,secondaria,2026-10-08,comune
fondazione-parsec-centro-di-scienze-naturali-sos-animali-prato-prato,Fondazione PARSEC - Centro di Scienze Naturali (SOS Animali Prato),Toscana,PO,Prato,"Via di Galceti, 74",43.90614,11.09255,+390574460503;+393387139642,,https://www.fondazioneparsec.it/it/,?,?,"Numeri citati da altre fonti e non ritrovati nella fonte indicata: +393453220066 | Discrepanza: elencocras.it (https://elencocras.it/toscana/prato/centro-di-scienze-naturali-fondazione-parsec/, agg. 06/10/2024) riporta SOS Animali 345 3220066 (+393453220066) e 112 per grossa taglia.",https://animaliferiti.lipu.it/centro-regioni/toscana/,,Fondazione Parsec,Può accogliere animali solo se consegnati da SOS Animali o direttamente dalle istituzioni (elencocras). Ricci non citati.,,?,NO consegna diretta: solo tramite SOS Animali o istituzioni (elencocras),attivo,secondaria,2026-10-08,indirizzo
crab-centro-recupero-fauna-selvatica-bolzano-bolzano,CRAB - Centro Recupero Fauna Selvatica Bolzano,Trentino-Alto Adige,BZ,Bolzano,Strada Rio Molino 22,46.49993,11.32859,+393334221826,,https://www.crabolzano.org,si,?,"Sito crabolzano.org non raggiungibile (000/timeout) e pagina provincia.bz.it solo JS ('Loading'): dati solo da elenco LIPU, non verificati su fonte provinciale.",https://animaliferiti.lipu.it/centro-regioni/trentino-alto-adige/,,,uccelli e piccoli mammiferi,,?,,attivo,secondaria,2026-10-08,indirizzo
cras-trento-centro-recupero-animali-selvatici-trento,CRAS Trento - Centro recupero animali selvatici,Trentino-Alto Adige,TN,Trento,via al Bosco della Città 10,46.03562,11.14204,+393356306801;+393356305749,Inverno tutti i giorni 9.00-12.00/13.00-16.00; estate 9.00-12.00/13.00-17.00,https://forestefauna.provincia.tn.it/Fauna/Fauna-selvatica/Centro-recupero-animali-selvatici-CRAS,si,?,,https://forestefauna.provincia.tn.it/Fauna/Fauna-selvatica/Centro-recupero-animali-selvatici-CRAS,,Provincia autonoma di Trento - Servizio Faunistico,"uccelli incapaci di volare e mammiferi in difficoltà; 'Nel triennio 2020-2022 il CRAS ha dato ospitalità anche ai mammiferi di piccole dimensioni, quali ad esempio pipistrelli, scoiattoli, ricci e ghiri' (ricci citati, riferimento al passato)",,no,"La consegna al Centro può essere fatta, previ accordi telefonici con il Centro stesso, negli orari di apertura, direttamente da chi ha rinvenuto l’animale. Incidenti stradali: chiamare 112.",attivo,primaria,2026-10-08,indirizzo
centro-recupero-animali-selvatici-enpa-perugia-bettona,Centro Recupero Animali Selvatici ENPA Perugia,Umbria,PG,Bettona,"Via Colle, 12",43.02317,12.47741,+393792042464,"lun-ven 09:00-12:30, 16:00-19:30; sab 09:00-13:00; dom chiuso (elencocras)",https://enpa.it/,?,?,Orari da https://elencocras.it/umbria/perugia/centro-recupero-animali-selvatici-enpa-perugia/,https://animaliferiti.lipu.it/centro-regioni/umbria/,,ENPA,Non specificato,,?,,attivo,secondaria,2026-10-08,indirizzo
lipu-umbria-centro-castiglione-del-lago-castiglione-del-lago,LIPU Umbria - Centro Castiglione del Lago,Umbria,PG,Castiglione del Lago,Via Firenze (ex aeroporto Eleuteri),43.12716,12.04521,+393383560692,Aperto al pubblico tutti i giorni 9-11 e 16:30-18:30 (elencocras),https://www.lipu.it/,?,?,Coordinate: centroide del comune (indirizzo non localizzato) | Non presente su LIPU regioni Umbria.,https://elencocras.it/umbria/perugia/lipu-umbria/,,LIPU,,I Responsabili e i volontari Lipu possono fornire ulteriori informazioni e indicazioni contattando il Centro.,?,,sospeso,secondaria,2026-10-08,comune
la-nostra-arca-wildlife-citta-di-castello,La nostra arca wildlife,Umbria,PG,Città di Castello,,43.45742,12.24031,+393400098637,,,?,?,Coordinate: centroide del comune (indirizzo non localizzato) | Solo elencocras; non verificato.,https://elencocras.it/umbria/perugia/la-nostra-arca-wildlife/,,,,,?,,attivo,secondaria,2026-10-08,comune
centro-recupero-fauna-selvatica-formichella-crase-carabinieri-orvieto,Centro Recupero Fauna Selvatica Formichella (CRASE) Carabinieri,Umbria,TR,Orvieto,"Km 6,4 SR 317 Marscianese (elencocras); LIPU indica la sede del Reparto: V.le Umberto I, 5 Assisi (PG)",42.71862,12.10879,+39075812285,,https://rgpbio.it/reparto/assisi/,si,?,"Coordinate: centroide del comune (indirizzo non localizzato) | Il numero 075 812285 e il telefono del Reparto di Assisi; la pagina elenca anche altre sedi con altri numeri (Orvieto 0763215125, San Venanzo 0758709146) ma non li attribuisce al CRAS: non usati.",https://rgpbio.it/reparto/assisi/,,Carabinieri Reparto Biodiversità di Assisi,"CRASE (animali selvatici ed esotici), autorizzato dalla Regione Umbria dal 2001; conferiti da Stazioni CC Forestali e privati. Ricci non citati.",,?,,attivo,primaria,2026-10-08,comune
centro-recupero-animali-selvatici-quart,Centro Recupero Animali Selvatici,Valle d'Aosta,AO,Quart,"Loc. Amerique, 127/A",45.74033,7.37861,+390165776220,,,?,?,,https://elencocras.it/valle-d-aosta/aosta/centro-recupero-animali-selvatici/,,,,,?,,attivo,secondaria,2026-10-08,indirizzo
centro-recupero-fauna-selvatica-belluno-villa-zuppani-sedico,Centro Recupero Fauna Selvatica Belluno (Villa Zuppani),Veneto,BL,Sedico,"Villa Zuppani, località Pasa",46.17066,12.13327,+3904371948112,"6-12, 13-19; altri orari numeri emergenza 112, 113, 118, 115",,?,?,Coordinate: centroide del comune (indirizzo non localizzato) | Fonte: elenco LIPU 'animaliferiti' (non ufficiale regionale); pagina Regione Veneto non trovata (URL tentato 404). Ricci/mammiferi non citati salvo dove indicato.,https://animaliferiti.lipu.it/centro-regioni/veneto/,,,,,?,,attivo,secondaria,2026-10-08,comune
wwf-centro-recupero-fauna-selvatica-di-polesella-c-o-clinica-veterinar,WWF Centro Recupero Fauna Selvatica di Polesella (c/o Clinica veterinaria del Benvenuto),Veneto,RO,Polesella,Strada Statale 16 n. 2287,44.96956,11.74433,+393394682583,Numero Verde Polizia Provinciale RO 800/998636 lun-dom 7-19; 339/4682583 8-20 (WhatsApp con foto); 0425/947670 clinica negli altri orari/emergenze,,?,?,"Altri numeri citati da altre fonti, non confermati: +39800998636, +390425947670 | Coordinate: centroide del comune (indirizzo non localizzato) | Fonte: elenco LIPU 'animaliferiti' (non ufficiale regionale); pagina Regione Veneto non trovata (URL tentato 404). Ricci/mammiferi non citati salvo dove indicato.",https://animaliferiti.lipu.it/centro-regioni/veneto/,,WWF / Clinica veterinaria del Benvenuto (dott. Tarricone),,"la fonte lo elenca per le province di Padova, Rovigo, Venezia",?,In caso di rinvenimento contattare la Polizia Provinciale di Rovigo (Numero Verde); nessuna indicazione esplicita di consegna diretta,attivo,secondaria,2026-10-08,comune
centro-recupero-fauna-selvatica-treviso-cal-di-breda-treviso,Centro Recupero Fauna Selvatica Treviso (Cal di Breda),Veneto,TV,Treviso,Via Cal di Breda 132,45.68986,12.27248,+393204320671,,https://www.facebook.com/CrasTreviso/,?,?,Fonte: elenco LIPU 'animaliferiti' (non ufficiale regionale); pagina Regione Veneto non trovata (URL tentato 404). Ricci/mammiferi non citati salvo dove indicato.,https://www.provincia.treviso.it/index.php/it/il-parco-della-storga/cras,,,,,?,,attivo,primaria,2026-10-08,indirizzo
ass-difesa-natura-2000-colli-berici-arcugnano,Ass. Difesa Natura 2000 Colli Berici,Veneto,VI,Arcugnano,"Via Chiesa Vecchia, 13/E",45.47193,11.55352,+393518297966,,https://www.difesanaturacolliberici.it/,?,?,,https://elencocras.it/veneto/vicenza/ass-difesa-natura-2000-colli-berici/,,,,Centro di Recupero di Animali Selvatici operante a Vicenza e Provincia.,?,,attivo,secondaria,2026-10-08,indirizzo
centro-recupero-fauna-selvatica-villabalzana-arcugnano,Centro Recupero Fauna Selvatica Villabalzana,Veneto,VI,Arcugnano,Via Chiesa Vecchia 13/E,45.47193,11.55352,+39335493302,,https://www.facebook.com/CentroRecuperoAnimaliSelvaticiVillabalzana/,?,?,"Numero 335/493302 ha solo 9 cifre dopo il prefisso nella fonte: verosimile refuso, da verificare. Ufficio Vigilanza Prov. Vicenza 0444/908341; 0444/908359.",https://animaliferiti.lipu.it/centro-regioni/veneto/,,,,,?,,attivo,secondaria,2026-10-08,indirizzo
alveare-gruppo-recupero-animali-selvatici-vicenza-vicenza,Alveare Gruppo Recupero Animali Selvatici Vicenza,Veneto,VI,Vicenza,,45.54628,11.55668,+393534596644,,,?,?,Coordinate: centroide del comune (indirizzo non localizzato),https://elencocras.it/veneto/vicenza/alveare-gruppo-recupero-animali-selvatici-vicenza/,,,,Provincia di Vicenza,?,,attivo,secondaria,2026-10-08,comune
il-covo-dei-catorci-vicenza,Il Covo dei Catorci,Veneto,VI,Vicenza,,45.54628,11.55668,+393381741939,,,?,?,Coordinate: centroide del comune (indirizzo non localizzato),https://elencocras.it/veneto/vicenza/covo-dei-catorci/,,,"Piccioni, cornacchie, gazze, topi, nutrie, scoiattoli grigi e in generale gli animali non accettati dai CRAS.",Provincia di Vicenza e zone limitrofe.,?,,attivo,secondaria,2026-10-08,comune
centro-recupero-fauna-selvatica-lazise-progetto-natura-verona-lago-laz,Centro Recupero Fauna Selvatica Lazise - Progetto Natura Verona Lago,Veneto,VR,Lazise,Località Saline 7,45.49150,10.76022,+390452457338,Lun-Sab 10-12 16-18:30,https://www.facebook.com/progettonaturaveronalago/,?,?,Elenco LIPU; indicata anche Polizia Provinciale VR 045/9288406 e 800/344000 (non CRAS). Pagina Regione Veneto non trovata.,https://www.progettonaturaveronalago.it/,,Progetto Natura Verona Lago,"Non ricevono piccioni, gazze e cornacchie ma aiutano telefonicamente.",,?,,attivo,primaria,2026-10-08,indirizzo
